inode,dev
3276842,122
2228311,122
3149009,122
2228708,122
3146013,122
2228228,122
1,127
2228473,122
2228705,122
3145900,122
2228707,122
3145994,122
957371,125
1,124
2359847,122
3146046,122
2228709,122
3276831,122
2359831,122
2228786,122
3276855,122
3276864,122
3276854,122
3145889,122
3276836,122
2359788,122
2359808,122
3149025,122
3149010,122
2359805,122
2359804,122
2359315,122
2359789,122
2359803,122
2359806,122
3149126,122
3149029,122
2359770,122
3149026,122
2359777,122
2359769,122
3149124,122
3149123,122
3149032,122
2359761,122
3149030,122
3149120,122
2359762,122
2359341,122
3149118,122
2359340,122
3149116,122
2359839,122
3149117,122
3149119,122
2359840,122
2359669,122
2359388,122
2359482,122
2359430,122
2359631,122
2359696,122
2359710,122
2359573,122
2359440,122
2359684,122
2359380,122
2359658,122
2359465,122
2359746,122
2359708,122
2359726,122
2359647,122
2359491,122
2359691,122
2359349,122
2359457,122
2359578,122
2359461,122
2359352,122
2359735,122
2359614,122
2359448,122
2359630,122
2359723,122
2359600,122
2359378,122
2359654,122
2359503,122
2359748,122
2359444,122
2359504,122
2359670,122
2359660,122
2359525,122
2359534,122
2359362,122
2359571,122
2359556,122
2359544,122
2359514,122
2359623,122
2359454,122
2359741,122
2359656,122
2359585,122
2359692,122
2359637,122
2359547,122
2359618,122
2359728,122
2359417,122
2359353,122
2359661,122
2359577,122
2359530,122
2359396,122
2359361,122
2359673,122
2359749,122
2359756,122
2359383,122
2359583,122
2359704,122
2359672,122
2359399,122
2359510,122
2359449,122
2359509,122
2359358,122
2359489,122
2359365,122
2359519,122
2359665,122
2359462,122
2359477,122
2359662,122
2359507,122
2359427,122
2359379,122
2359356,122
2359671,122
2359415,122
2359493,122
2359537,122
2359432,122
2359595,122
2359568,122
2359501,122
2359599,122
2359743,122
2359655,122
2359401,122
2359546,122
2359699,122
2359385,122
2359616,122
2359640,122
2359463,122
2359474,122
2359576,122
2359476,122
2359506,122
2359539,122
2359731,122
2359486,122
2359521,122
2359736,122
2359446,122
2359745,122
2359619,122
2359627,122
2359717,122
2359687,122
2359471,122
2359569,122
2359705,122
2359431,122
2359645,122
2359678,122
2359606,122
2359398,122
2359468,122
2359508,122
2359437,122
2359492,122
2359369,122
2359441,122
2359638,122
2359351,122
2359653,122
2359412,122
2359635,122
2359390,122
2359714,122
2359707,122
2359413,122
2359363,122
2359397,122
2359348,122
2359712,122
2359612,122
2359405,122
2359702,122
2359677,122
2359609,122
2359666,122
2359377,122
2359442,122
2359562,122
2359570,122
2359689,122
2359744,122
2359360,122
2359659,122
2359558,122
2359376,122
2359698,122
2359393,122
2359664,122
2359590,122
2359345,122
2359552,122
2359422,122
2359592,122
2359557,122
2359447,122
2359564,122
2359657,122
2359533,122
2359347,122
2359485,122
2359597,122
2359675,122
2359426,122
2359732,122
2359502,122
2359679,122
2359719,122
2359400,122
2359695,122
2359572,122
2359591,122
2359648,122
2359694,122
2359428,122
2359620,122
2359402,122
2359567,122
2359629,122
2359697,122
2359733,122
2359724,122
2359682,122
2359722,122
2359484,122
2359742,122
2359364,122
2359587,122
2359529,122
2359520,122
2359424,122
2359536,122
2359740,122
2359416,122
2359625,122
2359663,122
2359605,122
2359593,122
2359526,122
2359466,122
2359706,122
2359483,122
2359754,122
2359541,122
2359554,122
2359455,122
2359739,122
2359561,122
2359418,122
2359652,122
2359436,122
2359355,122
2359366,122
2359411,122
2359473,122
2359479,122
2359403,122
2359584,122
2359531,122
2359639,122
2359373,122
2359559,122
2359434,122
2359643,122
2359451,122
2359738,122
2359601,122
2359543,122
2359429,122
2359721,122
2359632,122
2359757,122
2359374,122
2359575,122
2359589,122
2359438,122
2359481,122
2359709,122
2359459,122
2359586,122
2359566,122
2359500,122
2359646,122
2359517,122
2359725,122
2359470,122
2359478,122
2359389,122
2359755,122
2359674,122
2359545,122
2359752,122
2359367,122
2359513,122
2359524,122
2359548,122
2359467,122
2359540,122
2359439,122
2359727,122
2359730,122
2359604,122
2359560,122
2359624,122
2359495,122
2359734,122
2359387,122
2359549,122
2359505,122
2359404,122
2359685,122
2359450,122
2359667,122
2359516,122
2359588,122
2359535,122
2359579,122
2359392,122
2359423,122
2359574,122
2359406,122
2359472,122
2359602,122
2359395,122
2359758,122
2359634,122
2359445,122
2359711,122
2359747,122
2359650,122
2359581,122
2359713,122
2359371,122
2359386,122
2359538,122
2359456,122
2359680,122
2359458,122
2359357,122
2359354,122
2359433,122
2359346,122
2359610,122
2359641,122
2359496,122
2359420,122
2359633,122
2359598,122
2359603,122
2359372,122
2359464,122
2359681,122
2359542,122
2359414,122
2359494,122
2359394,122
2359642,122
2359435,122
2359720,122
2359700,122
2359676,122
2359690,122
2359550,122
2359622,122
2359617,122
2359443,122
2359594,122
2359419,122
2359480,122
2359686,122
2359453,122
2359649,122
2359408,122
2359511,122
2359615,122
2359499,122
2359490,122
2359751,122
2359518,122
2359532,122
2359409,122
2359359,122
2359497,122
2359737,122
2359753,122
2359582,122
2359523,122
2359410,122
2359621,122
2359701,122
2359421,122
2359563,122
2359460,122
2359703,122
2359611,122
2359553,122
2359565,122
2359384,122
2359607,122
2359613,122
2359668,122
2359644,122
2359628,122
2359688,122
2359375,122
2359425,122
2359407,122
2359551,122
2359487,122
2359515,122
2359512,122
2359488,122
2359350,122
2359382,122
2359608,122
2359750,122
2359452,122
2359370,122
2359527,122
2359391,122
2359469,122
2359651,122
2359729,122
2359626,122
2359498,122
2359715,122
2359344,122
2359683,122
2359718,122
2359528,122
2359368,122
2359555,122
2359522,122
2359580,122
2359693,122
2359636,122
2359596,122
2359716,122
2359381,122
2359475,122
3149085,122
3149082,122
3149060,122
3149103,122
3149056,122
3149037,122
3149050,122
3149079,122
3149096,122
3149043,122
3149093,122
3149115,122
3149094,122
3149044,122
3149080,122
3149075,122
3149088,122
3149083,122
3149033,122
3149045,122
3149086,122
3149100,122
3149049,122
3149078,122
3149046,122
3149063,122
3149101,122
3149048,122
3149072,122
3149065,122
3149099,122
3149055,122
3149074,122
3149090,122
3149061,122
3149069,122
3149110,122
3149114,122
3149068,122
3149084,122
3149111,122
3149038,122
3149087,122
3149108,122
3149112,122
3149039,122
3149059,122
3149062,122
3149054,122
3149064,122
3149057,122
3149047,122
3149051,122
3149035,122
3149040,122
3149076,122
3149105,122
3149098,122
3149106,122
3149071,122
3149095,122
3149034,122
3149036,122
3149081,122
3149092,122
3149052,122
3149042,122
3149097,122
3149107,122
3149053,122
3149067,122
3149109,122
3149070,122
3149058,122
3149113,122
3149102,122
3149066,122
3149089,122
3149091,122
3149104,122
3149073,122
3149077,122
3149041,122
2359337,122
2359339,122
2359338,122
2359336,122
3149031,122
2359766,122
3149122,122
2359767,122
3149121,122
2359773,122
2359772,122
2359776,122
2359771,122
2359775,122
2359774,122
3149028,122
2359333,122
2359331,122
3149027,122
2359332,122
2359778,122
2359783,122
2359782,122
2359780,122
2359779,122
2359781,122
2359784,122
2359786,122
2359787,122
2359785,122
3149125,122
3149011,122
3149023,122
3149017,122
3149012,122
3149014,122
3149013,122
3149024,122
3149021,122
3149018,122
3149020,122
3149022,122
3149019,122
2359807,122
3149128,122
2359800,122
2359801,122
2359802,122
2359799,122
2359797,122
3149127,122
2359796,122
3149132,122
3149129,122
3149130,122
3149131,122
2228250,122
2228310,122
2228229,122
2228305,122
2228278,122
2228233,122
2228289,122
2228230,122
2228245,122
2228259,122
2228241,122
2228266,122
2228253,122
2228283,122
2228307,122
2228296,122
2228243,122
2228271,122
2228261,122
2228298,122
2228258,122
2228267,122
2228277,122
2228249,122
2228239,122
2228308,122
2228274,122
2228288,122
2228301,122
2228295,122
2228256,122
2228264,122
2228275,122
2228238,122
2228287,122
2228284,122
2228235,122
2228285,122
2228282,122
2228302,122
2228257,122
2228286,122
2228306,122
2228304,122
2228273,122
2228299,122
2228251,122
2228255,122
2228290,122
2228309,122
2228294,122
2228244,122
2228252,122
2228247,122
2228262,122
2228293,122
2228263,122
2228297,122
2228232,122
2228276,122
2228291,122
2228279,122
2228265,122
2228234,122
2228303,122
2228280,122
2228260,122
2228254,122
2228270,122
2228281,122
2228237,122
2228231,122
2228246,122
2228236,122
2228240,122
2228269,122
2228292,122
2228268,122
2228242,122
2228300,122
2228272,122
2228248,122
2228706,122
2228713,122
2228712,122
3145901,122
2228550,122
2228478,122
2228475,122
2228483,122
2228493,122
3145995,122
2228551,122
2228480,122
2228479,122
2228482,122
2228481,122
2228476,122
2228477,122
2228484,122
2228486,122
2228485,122
2228490,122
2228489,122
2228492,122
2228487,122
2228488,122
2228491,122
2228523,122
2228497,122
2228537,122
2228503,122
2228494,122
2228499,122
2228540,122
2228517,122
2228515,122
2228505,122
2228507,122
2228532,122
2228509,122
2228527,122
2228528,122
2228531,122
2228530,122
2228529,122
2228524,122
2228526,122
2228525,122
2228498,122
2228539,122
2228538,122
2228504,122
2228496,122
2228495,122
2228501,122
2228502,122
2228500,122
2228545,122
2228546,122
2228549,122
2228541,122
2228547,122
2228544,122
2228543,122
2228542,122
2228548,122
2228518,122
2228522,122
2228519,122
2228520,122
2228521,122
2228516,122
2228506,122
2228508,122
2228535,122
2228534,122
2228536,122
2228533,122
2228513,122
2228511,122
2228512,122
2228514,122
2228510,122
2228660,122
2228657,122
2228570,122
2228594,122
2228620,122
2228618,122
2228632,122
2228621,122
2228571,122
2228591,122
2228569,122
2228577,122
2228648,122
2228593,122
2228659,122
2228637,122
2228636,122
2228564,122
2228614,122
2228588,122
2228610,122
2228633,122
2228623,122
2228603,122
2228628,122
2228561,122
2228656,122
2228630,122
2228615,122
2228619,122
2228578,122
2228586,122
2228627,122
2228567,122
2228559,122
2228558,122
2228579,122
2228626,122
2228573,122
2228587,122
2228612,122
2228609,122
2228596,122
2228643,122
2228653,122
2228654,122
2228650,122
2228574,122
2228553,122
2228580,122
2228599,122
2228624,122
2228582,122
2228635,122
2228595,122
2228576,122
2228557,122
2228645,122
2228556,122
2228572,122
2228616,122
2228584,122
2228638,122
2228606,122
2228565,122
2228590,122
2228629,122
2228560,122
2228617,122
2228642,122
2228583,122
2228605,122
2228600,122
2228649,122
2228613,122
2228652,122
2228639,122
2228592,122
2228585,122
2228608,122
2228651,122
2228563,122
2228646,122
2228555,122
2228604,122
2228640,122
2228631,122
2228625,122
2228641,122
2228589,122
2228622,122
2228658,122
2228575,122
2228581,122
2228562,122
2228634,122
2228644,122
2228601,122
2228568,122
2228566,122
2228597,122
2228554,122
2228655,122
2228602,122
2228607,122
2228598,122
2228647,122
2228611,122
3146001,122
3145998,122
3146000,122
3145996,122
3145999,122
3145997,122
2228674,122
2228686,122
2228682,122
2228687,122
2228684,122
2228695,122
2228667,122
2228700,122
2228683,122
2228691,122
2228670,122
2228672,122
2228661,122
2228688,122
2228669,122
2228665,122
2228678,122
2228685,122
2228662,122
2228703,122
2228694,122
2228704,122
2228690,122
2228696,122
2228673,122
2228671,122
2228666,122
2228701,122
2228663,122
2228692,122
2228697,122
2228699,122
2228679,122
2228680,122
2228677,122
2228698,122
2228676,122
2228689,122
2228675,122
2228693,122
2228702,122
2228664,122
2228668,122
2228681,122
957400,125
957391,129
957341,123
1,126
3,126
957404,125
957403,125
957402,125
957401,125
957399,125
957398,125
957397,125
957396,125
957395,125
957394,125
957393,125
5,126
4,126
2,126
2228715,122
2228716,122
2359848,122
2228718,122
2228717,122
2359849,122
3148882,122
3146320,122
3147469,122
2229006,122
2359313,122
3148886,122
3148888,122
2229007,122
2230014,122
3148883,122
2230016,122
2230019,122
2230024,122
2230015,122
2230020,122
2230022,122
2230017,122
3148884,122
3148885,122
2230021,122
2230023,122
2228834,122
2228968,122
2228992,122
2228842,122
2228836,122
2228882,122
2228811,122
2228802,122
2228973,122
2228943,122
2228957,122
2228902,122
2228793,122
2228956,122
2228907,122
2228818,122
2228936,122
2228889,122
2228873,122
2228825,122
2228887,122
2228798,122
2228857,122
2228856,122
2229001,122
2228912,122
2228890,122
2228880,122
2228832,122
2228987,122
2228813,122
2228916,122
2228854,122
2228806,122
2228993,122
2228872,122
2228948,122
2228874,122
2228879,122
2228955,122
2228799,122
2228849,122
2228989,122
2228883,122
2228848,122
2228853,122
2228903,122
2228850,122
2229002,122
2228964,122
2228933,122
2228803,122
2228975,122
2228944,122
2228985,122
2228928,122
2228810,122
2228831,122
2228815,122
2228871,122
2228945,122
2228851,122
2228822,122
2228900,122
2229005,122
2228963,122
2228982,122
2228888,122
2228926,122
2228835,122
2229004,122
2228932,122
2228971,122
2228920,122
2228919,122
2228895,122
2228983,122
2228828,122
2228966,122
2228829,122
2228899,122
2228905,122
2228843,122
2228931,122
2228962,122
2228914,122
2228913,122
2228870,122
2228939,122
2228958,122
2228826,122
2228866,122
2228859,122
2228830,122
2228937,122
2228917,122
2228969,122
2228795,122
2228801,122
2228929,122
2228868,122
2228858,122
2228827,122
2228817,122
2228979,122
2228844,122
2228942,122
2228996,122
2228901,122
2228940,122
2228925,122
2228837,122
2228805,122
2228893,122
2228820,122
2228941,122
2228934,122
2228923,122
2228897,122
2228833,122
2228952,122
2228921,122
2228990,122
2228791,122
2228999,122
2228998,122
2228863,122
2228951,122
2228847,122
2228977,122
2228812,122
2229000,122
2228991,122
2228980,122
2228884,122
2228877,122
2228807,122
2228976,122
2228878,122
2228797,122
2228864,122
2228997,122
2228794,122
2228845,122
2228892,122
2228824,122
2228954,122
2228965,122
2228984,122
2228804,122
2228796,122
2228881,122
2228946,122
2228808,122
2228838,122
2228840,122
2228915,122
2228886,122
2228821,122
2228953,122
2228814,122
2228927,122
2228800,122
2228961,122
2228995,122
2228852,122
2228908,122
2228855,122
2228918,122
2228978,122
2228816,122
2228935,122
2228875,122
2228924,122
2228839,122
2228922,122
2228894,122
2228909,122
2228876,122
2228819,122
2228904,122
2228865,122
2228809,122
2228861,122
2228988,122
2228846,122
2228960,122
2228869,122
2229003,122
2228947,122
2228994,122
2228896,122
2228972,122
2228885,122
2228910,122
2228891,122
2228959,122
2228911,122
2228898,122
2228841,122
2228970,122
2228938,122
2228930,122
2228867,122
2228792,122
2228974,122
2228949,122
2228860,122
2228862,122
2228981,122
2228950,122
2228986,122
2228906,122
2228967,122
2228823,122
3147118,122
3147157,122
3147056,122
3147462,122
3147155,122
3147115,122
3147150,122
3147055,122
3147087,122
3147154,122
3147152,122
3147467,122
3147114,122
3147149,122
3147078,122
3147057,122
3147156,122
3147092,122
3147120,122
3147151,122
3147146,122
3147043,122
3147463,122
3147465,122
3147147,122
3147468,122
3147464,122
3147117,122
3147466,122
3146566,122
3147153,122
3147088,122
3147041,122
3147119,122
3147076,122
3147116,122
3147121,122
3147148,122
3146596,122
3147075,122
2229034,122
2229009,122
3147474,122
2229045,122
2229067,122
2229066,122
3148602,122
2229042,122
3148600,122
3147483,122
3147486,122
3147470,122
2229065,122
2229035,122
2229036,122
2229039,122
2229038,122
2229041,122
2229040,122
2229037,122
2229032,122
2229012,122
2229030,122
2229010,122
2229011,122
2229033,122
2229020,122
2229013,122
2229028,122
2229016,122
2229022,122
2229014,122
2229018,122
2229026,122
2229021,122
2229024,122
2229015,122
2229023,122
2229029,122
2229027,122
2229017,122
2229025,122
2229019,122
2229031,122
3147481,122
3147478,122
3147480,122
2229064,122
2229062,122
2229063,122
3147482,122
2229046,122
2229052,122
2229054,122
2229056,122
2229055,122
2229051,122
2229047,122
2229059,122
2229048,122
2229058,122
2229049,122
2229050,122
2229057,122
2229053,122
2229068,122
2229070,122
2229379,122
2229074,122
2229378,122
2229072,122
3148865,122
2229377,122
2229353,122
2229363,122
2229362,122
2229376,122
2229358,122
2229339,122
2229355,122
2229338,122
2229367,122
2229335,122
2229375,122
2229330,122
2229365,122
2229352,122
2229336,122
2229370,122
2229344,122
2229346,122
2229374,122
2229342,122
2229343,122
2229332,122
2229369,122
2229333,122
2229364,122
2229347,122
2229351,122
2229368,122
2229366,122
2229359,122
2229361,122
2229350,122
2229371,122
2229348,122
2229372,122
2229340,122
2229331,122
2229373,122
2229341,122
2229337,122
2229354,122
2229349,122
2229334,122
2229357,122
2229356,122
2229360,122
2229345,122
3148876,122
3148878,122
3148880,122
3148875,122
3148872,122
3148877,122
3148874,122
3148873,122
3148879,122
3148881,122
2229071,122
2229394,122
2229438,122
2229407,122
2229422,122
2230010,122
2229381,122
2229430,122
2229405,122
2229390,122
2229434,122
2229419,122
2229425,122
2229476,122
2229403,122
2229393,122
2229437,122
2230008,122
2229469,122
2229387,122
2229473,122
2229385,122
2229466,122
2229462,122
2229463,122
2229386,122
2229429,122
2229467,122
2229392,122
2229383,122
2229389,122
2229384,122
2229428,122
2229464,122
2229424,122
2229427,122
2229471,122
2229402,122
2230007,122
2229468,122
2229418,122
2229474,122
2229472,122
2229380,122
2229465,122
2229475,122
2229436,122
2229388,122
2229470,122
2230009,122
2230012,122
2229398,122
2229401,122
2229396,122
2229400,122
2229397,122
2229395,122
2229399,122
2229443,122
2229449,122
2229451,122
2229458,122
2229456,122
2229439,122
2229446,122
2229441,122
2229460,122
2229454,122
2229444,122
2229445,122
2229450,122
2229452,122
2229453,122
2229459,122
2229457,122
2229440,122
2229447,122
2229448,122
2229442,122
2229461,122
2229455,122
2229413,122
2229417,122
2229411,122
2229409,122
2229412,122
2229408,122
2229410,122
2229416,122
2229415,122
2229414,122
2229423,122
2230011,122
2229382,122
2229432,122
2229433,122
2229431,122
2229406,122
2229391,122
2229435,122
2229420,122
2229421,122
2229426,122
2229478,122
2229519,122
2229477,122
2229485,122
2229514,122
2229511,122
2229512,122
2229494,122
2229491,122
2229509,122
2229513,122
2229516,122
2229479,122
2229503,122
2229510,122
2229518,122
2229488,122
2229517,122
2229500,122
2229506,122
2229487,122
2229495,122
2229492,122
2229490,122
2229504,122
2229502,122
2229499,122
2229497,122
2229481,122
2229483,122
2229493,122
2229496,122
2229482,122
2229484,122
2229480,122
2229498,122
2229501,122
2229489,122
2229505,122
2229508,122
2229486,122
2229507,122
2229515,122
2229675,122
2229792,122
2229625,122
2229581,122
2229557,122
2229878,122
2229781,122
2229555,122
2229893,122
2229573,122
2229985,122
2229987,122
2229939,122
2229667,122
2229602,122
2229673,122
2229989,122
2229577,122
2229579,122
2229849,122
2229623,122
2229600,122
2229734,122
2229537,122
2229699,122
2229569,122
2229677,122
2229991,122
2229567,122
2229681,122
2229712,122
2229592,122
2229520,122
2229669,122
2229575,122
2229895,122
2229634,122
2230003,122
2229559,122
2229565,122
2229571,122
2229553,122
2229594,122
2229679,122
2229598,122
2229783,122
2229596,122
2229789,122
2229795,122
2230005,122
2229779,122
2229617,122
2229891,122
2229752,122
2229563,122
2229758,122
2229851,122
2229853,122
2229786,122
2229876,122
2229539,122
2229671,122
2229799,122
2229676,122
2229793,122
2229794,122
2229629,122
2229628,122
2229627,122
2229631,122
2229632,122
2229626,122
2229630,122
2229633,122
2229589,122
2229584,122
2229590,122
2229585,122
2229582,122
2229587,122
2229591,122
2229588,122
2229586,122
2229583,122
2229558,122
2229884,122
2229889,122
2229887,122
2229881,122
2229882,122
2229883,122
2229879,122
2229885,122
2229890,122
2229886,122
2229880,122
2229888,122
2229782,122
2229556,122
2229894,122
2229574,122
2229986,122
2229988,122
2229982,122
2229971,122
2229953,122
2229943,122
2229983,122
2229981,122
2229970,122
2229964,122
2229947,122
2229948,122
2229976,122
2229975,122
2229949,122
2229957,122
2229941,122
2229963,122
2229974,122
2229942,122
2229945,122
2229952,122
2229965,122
2229973,122
2229959,122
2229951,122
2229958,122
2229984,122
2229961,122
2229978,122
2229950,122
2229956,122
2229960,122
2229944,122
2229940,122
2229946,122
2229967,122
2229977,122
2229979,122
2229954,122
2229955,122
2229972,122
2229980,122
2229962,122
2229966,122
2229968,122
2229969,122
2229668,122
2229609,122
2229613,122
2229603,122
2229611,122
2229612,122
2229605,122
2229604,122
2229608,122
2229607,122
2229610,122
2229615,122
2229614,122
2229616,122
2229606,122
2229674,122
2229990,122
2229578,122
2229580,122
2229850,122
2229624,122
2229601,122
2229738,122
2229748,122
2229743,122
2229750,122
2229742,122
2229740,122
2229749,122
2229751,122
2229744,122
2229741,122
2229745,122
2229746,122
2229747,122
2229739,122
2229737,122
2229735,122
2229736,122
2229538,122
2229710,122
2229704,122
2229705,122
2229708,122
2229702,122
2229701,122
2229700,122
2229707,122
2229709,122
2229706,122
2229711,122
2229703,122
2229570,122
2229678,122
2229992,122
2229994,122
2229997,122
2229996,122
2230000,122
2230001,122
2230002,122
2229998,122
2229993,122
2229995,122
2229999,122
2229568,122
2229682,122
2229696,122
2229693,122
2229689,122
2229684,122
2229688,122
2229685,122
2229686,122
2229691,122
2229683,122
2229698,122
2229697,122
2229694,122
2229690,122
2229692,122
2229695,122
2229687,122
2229716,122
2229726,122
2229730,122
2229727,122
2229732,122
2229715,122
2229722,122
2229720,122
2229718,122
2229721,122
2229733,122
2229717,122
2229714,122
2229729,122
2229731,122
2229719,122
2229724,122
2229723,122
2229725,122
2229728,122
2229713,122
2229593,122
2229533,122
2229528,122
2229530,122
2229524,122
2229527,122
2229532,122
2229531,122
2229534,122
2229525,122
2229523,122
2229526,122
2229522,122
2229529,122
2229536,122
2229521,122
2229535,122
2229670,122
2229576,122
2229935,122
2229916,122
2229905,122
2229908,122
2229898,122
2229936,122
2229931,122
2229929,122
2229918,122
2229901,122
2229902,122
2229903,122
2229912,122
2229896,122
2229924,122
2229930,122
2229897,122
2229907,122
2229925,122
2229915,122
2229934,122
2229906,122
2229913,122
2229937,122
2229920,122
2229932,122
2229900,122
2229922,122
2229904,122
2229911,122
2229917,122
2229914,122
2229921,122
2229899,122
2229927,122
2229933,122
2229909,122
2229910,122
2229919,122
2229923,122
2229926,122
2229938,122
2229928,122
2229657,122
2229649,122
2229666,122
2229637,122
2229663,122
2229642,122
2229647,122
2229655,122
2229635,122
2229650,122
2229656,122
2229661,122
2229652,122
2229648,122
2229638,122
2229640,122
2229664,122
2229646,122
2229665,122
2229651,122
2229659,122
2229643,122
2229658,122
2229644,122
2229660,122
2229641,122
2229645,122
2229639,122
2229653,122
2229636,122
2229654,122
2229662,122
2230004,122
2229560,122
2229561,122
2229562,122
2229566,122
2229572,122
2229554,122
2229595,122
2229680,122
2229599,122
2229784,122
2229785,122
2229597,122
2229790,122
2229791,122
2229796,122
2229798,122
2229797,122
2230006,122
2229780,122
2229619,122
2229620,122
2229618,122
2229621,122
2229622,122
2229892,122
2229757,122
2229754,122
2229753,122
2229756,122
2229755,122
2229564,122
2229771,122
2229760,122
2229761,122
2229767,122
2229763,122
2229777,122
2229762,122
2229768,122
2229772,122
2229765,122
2229766,122
2229769,122
2229773,122
2229778,122
2229776,122
2229764,122
2229759,122
2229775,122
2229774,122
2229770,122
2229852,122
2229873,122
2229872,122
2229871,122
2229867,122
2229862,122
2229860,122
2229866,122
2229861,122
2229863,122
2229857,122
2229869,122
2229864,122
2229868,122
2229854,122
2229865,122
2229856,122
2229858,122
2229875,122
2229855,122
2229870,122
2229859,122
2229874,122
2229787,122
2229788,122
2229877,122
2229540,122
2229552,122
2229550,122
2229541,122
2229548,122
2229542,122
2229549,122
2229547,122
2229543,122
2229545,122
2229546,122
2229551,122
2229544,122
2229672,122
2229837,122
2229829,122
2229828,122
2229803,122
2229845,122
2229813,122
2229842,122
2229839,122
2229836,122
2229819,122
2229800,122
2229820,122
2229816,122
2229844,122
2229815,122
2229826,122
2229848,122
2229809,122
2229843,122
2229812,122
2229838,122
2229832,122
2229821,122
2229847,122
2229822,122
2229834,122
2229840,122
2229825,122
2229810,122
2229817,122
2229808,122
2229830,122
2229814,122
2229835,122
2229805,122
2229802,122
2229804,122
2229801,122
2229831,122
2229833,122
2229823,122
2229846,122
2229806,122
2229824,122
2229811,122
2229807,122
2229841,122
2229827,122
2229818,122
2229404,122
2229260,122
2229209,122
2229191,122
2229248,122
2229267,122
2229168,122
2229149,122
2229230,122
2229324,122
2229088,122
2229250,122
2229218,122
2229106,122
2229151,122
2229079,122
2229235,122
2229184,122
2229289,122
2229216,122
2229259,122
2229111,122
2229160,122
2229263,122
2229114,122
2229084,122
2229091,122
2229213,122
2229126,122
2229261,122
2229123,122
2229099,122
2229283,122
2229093,122
2229186,122
2229194,122
2229076,122
2229137,122
2229254,122
2229190,122
2229244,122
2229306,122
2229236,122
2229121,122
2229159,122
2229195,122
2229279,122
2229325,122
2229290,122
2229291,122
2229307,122
2229292,122
2229109,122
2229183,122
2229285,122
2229275,122
2229237,122
2229139,122
2229239,122
2229198,122
2229166,122
2229153,122
2229266,122
2229257,122
2229272,122
2229297,122
2229202,122
2229268,122
2229181,122
2229108,122
2229240,122
2229303,122
2229215,122
2229318,122
2229314,122
2229207,122
2229199,122
2229232,122
2229134,122
2229273,122
2229188,122
2229110,122
2229077,122
2229219,122
2229175,122
2229249,122
2229148,122
2229144,122
2229287,122
2229312,122
2229212,122
2229127,122
2229231,122
2229147,122
2229136,122
2229161,122
2229247,122
2229118,122
2229299,122
2229104,122
2229176,122
2229222,122
2229206,122
2229116,122
2229255,122
2229131,122
2229156,122
2229196,122
2229295,122
2229078,122
2229252,122
2229277,122
2229164,122
2229185,122
2229262,122
2229140,122
2229170,122
2229107,122
2229271,122
2229296,122
2229174,122
2229313,122
2229233,122
2229205,122
2229326,122
2229100,122
2229228,122
2229208,122
2229092,122
2229158,122
2229189,122
2229096,122
2229101,122
2229132,122
2229226,122
2229090,122
2229173,122
2229105,122
2229280,122
2229204,122
2229281,122
2229179,122
2229129,122
2229251,122
2229113,122
2229246,122
2229309,122
2229304,122
2229097,122
2229200,122
2229146,122
2229142,122
2229242,122
2229227,122
2229086,122
2229094,122
2229120,122
2229103,122
2229163,122
2229321,122
2229152,122
2229080,122
2229203,122
2229308,122
2229141,122
2229300,122
2229225,122
2229122,122
2229082,122
2229284,122
2229264,122
2229269,122
2229220,122
2229081,122
2229162,122
2229217,122
2229245,122
2229085,122
2229165,122
2229178,122
2229243,122
2229112,122
2229293,122
2229135,122
2229087,122
2229311,122
2229327,122
2229098,122
2229169,122
2229276,122
2229282,122
2229315,122
2229102,122
2229125,122
2229172,122
2229128,122
2229302,122
2229319,122
2229133,122
2229256,122
2229157,122
2229322,122
2229154,122
2229143,122
2229286,122
2229274,122
2229253,122
2229238,122
2229089,122
2229180,122
2229187,122
2229211,122
2229229,122
2229095,122
2229270,122
2229265,122
2229258,122
2229224,122
2229278,122
2229294,122
2229320,122
2229323,122
2229177,122
2229124,122
2229214,122
2229310,122
2229201,122
2229115,122
2229317,122
2229130,122
2229288,122
2229210,122
2229167,122
2229138,122
2229301,122
2229298,122
2229234,122
2229150,122
2229193,122
2229316,122
2229075,122
2229182,122
2229192,122
2229119,122
2229197,122
2229329,122
2229305,122
2229117,122
2229328,122
2229171,122
2229155,122
2229241,122
2229221,122
2229223,122
2229145,122
2229083,122
2229073,122
3148868,122
3148870,122
3148871,122
2229043,122
2229044,122
3148601,122
3147484,122
3147485,122
3147787,122
3147813,122
3148590,122
3148338,122
3148264,122
3147757,122
3148521,122
3148161,122
3148153,122
3148206,122
3147682,122
3148475,122
3148505,122
3148176,122
3147749,122
3148445,122
3148536,122
3147777,122
3148366,122
3147800,122
3147884,122
3148193,122
3148247,122
3147821,122
3148392,122
3147490,122
3148355,122
3148437,122
3148435,122
3148384,122
3148140,122
3147669,122
3147810,122
3148148,122
3148438,122
3148383,122
3147487,122
3148334,122
3148362,122
3148363,122
3148385,122
3148137,122
3148318,122
3147742,122
3147663,122
3148357,122
3148351,122
3148432,122
3148381,122
3147734,122
3147662,122
3147741,122
3148324,122
3148256,122
3147738,122
3148192,122
3147819,122
3148386,122
3148387,122
3148346,122
3147666,122
3148141,122
3148173,122
3148147,122
3148390,122
3148517,122
3148358,122
3148330,122
3148246,122
3147676,122
3148353,122
3148335,122
3147743,122
3148436,122
3148328,122
3147736,122
3147737,122
3147681,122
3147668,122
3148136,122
3148389,122
3148315,122
3148444,122
3148350,122
3148376,122
3148142,122
3148191,122
3148316,122
3148321,122
3148337,122
3148313,122
3148356,122
3147673,122
3147776,122
3148326,122
3148143,122
3148347,122
3148332,122
3148439,122
3148190,122
3148319,122
3147746,122
3147820,122
3147679,122
3148434,122
3148255,122
3148382,122
3148333,122
3148260,122
3148146,122
3148352,122
3147811,122
3147488,122
3148374,122
3147680,122
3148312,122
3147670,122
3147677,122
3148345,122
3147671,122
3148323,122
3148144,122
3148325,122
3148145,122
3148245,122
3148348,122
3147674,122
3147755,122
3148391,122
3148361,122
3148599,122
3147672,122
3147799,122
3148440,122
3147772,122
3147771,122
3148138,122
3148443,122
3148327,122
3148375,122
3148388,122
3148174,122
3148520,122
3148314,122
3147775,122
3147774,122
3147744,122
3148257,122
3148377,122
3147664,122
3147747,122
3148261,122
3148364,122
3148433,122
3148336,122
3148322,122
3148139,122
3147735,122
3147740,122
3148150,122
3147756,122
3148379,122
3148262,122
3148360,122
3147489,122
3148259,122
3148598,122
3148518,122
3147773,122
3147748,122
3148365,122
3148329,122
3148354,122
3148441,122
3148152,122
3147739,122
3148359,122
3148503,122
3148317,122
3148320,122
3147678,122
3148535,122
3148504,122
3148149,122
3148349,122
3147675,122
3148175,122
3147745,122
3148151,122
3148380,122
3148442,122
3148519,122
3148378,122
3148331,122
3148205,122
3147812,122
3147665,122
3147667,122
3147789,122
3147796,122
3147797,122
3147798,122
3147795,122
3147788,122
3147794,122
3147792,122
3147790,122
3147793,122
3147791,122
3147815,122
3147814,122
3147818,122
3147816,122
3147817,122
3148592,122
3148596,122
3148591,122
3148597,122
3148595,122
3148593,122
3148594,122
3148340,122
3148344,122
3148339,122
3148343,122
3148342,122
3148341,122
3148289,122
3148266,122
3148301,122
3148297,122
3148287,122
3148296,122
3148311,122
3148309,122
3148299,122
3148300,122
3148288,122
3148302,122
3148265,122
3148304,122
3148303,122
3148308,122
3148305,122
3148295,122
3148307,122
3148298,122
3148306,122
3148310,122
3148291,122
3148294,122
3148290,122
3148293,122
3148292,122
3148276,122
3148272,122
3148274,122
3148269,122
3148286,122
3148282,122
3148275,122
3148270,122
3148281,122
3148277,122
3148273,122
3148268,122
3148267,122
3148280,122
3148278,122
3148279,122
3148283,122
3148284,122
3148285,122
3148271,122
3147761,122
3147759,122
3147758,122
3147763,122
3147762,122
3147769,122
3147770,122
3147768,122
3147767,122
3147764,122
3147766,122
3147765,122
3147760,122
3148523,122
3148530,122
3148531,122
3148532,122
3148534,122
3148533,122
3148522,122
3148528,122
3148529,122
3148524,122
3148526,122
3148525,122
3148527,122
3148163,122
3148171,122
3148170,122
3148169,122
3148162,122
3148172,122
3148167,122
3148168,122
3148164,122
3148166,122
3148165,122
3148155,122
3148160,122
3148159,122
3148154,122
3148158,122
3148156,122
3148157,122
3148236,122
3148222,122
3148214,122
3148234,122
3148208,122
3148216,122
3148218,122
3148243,122
3148235,122
3148217,122
3148229,122
3148226,122
3148210,122
3148224,122
3148238,122
3148244,122
3148228,122
3148230,122
3148242,122
3148209,122
3148215,122
3148221,122
3148240,122
3148223,122
3148241,122
3148212,122
3148211,122
3148233,122
3148207,122
3148237,122
3148225,122
3148239,122
3148232,122
3148213,122
3148231,122
3148220,122
3148227,122
3148219,122
3147684,122
3147717,122
3147712,122
3147727,122
3147733,122
3147721,122
3147728,122
3147725,122
3147732,122
3147713,122
3147722,122
3147726,122
3147710,122
3147720,122
3147724,122
3147718,122
3147731,122
3147683,122
3147711,122
3147730,122
3147723,122
3147714,122
3147729,122
3147719,122
3147715,122
3147716,122
3147689,122
3147688,122
3147694,122
3147692,122
3147707,122
3147700,122
3147701,122
3147693,122
3147691,122
3147698,122
3147695,122
3147685,122
3147708,122
3147690,122
3147706,122
3147699,122
3147704,122
3147709,122
3147686,122
3147697,122
3147703,122
3147696,122
3147687,122
3147705,122
3147702,122
3148491,122
3148499,122
3148500,122
3148476,122
3148502,122
3148501,122
3148498,122
3148496,122
3148497,122
3148493,122
3148492,122
3148494,122
3148495,122
3148511,122
3148508,122
3148507,122
3148506,122
3148512,122
3148514,122
3148513,122
3148515,122
3148516,122
3148509,122
3148510,122
3148178,122
3148188,122
3148186,122
3148187,122
3148189,122
3148185,122
3148177,122
3148183,122
3148184,122
3148181,122
3148182,122
3148179,122
3148180,122
3147751,122
3147754,122
3147750,122
3147753,122
3147752,122
3148448,122
3148460,122
3148465,122
3148474,122
3148473,122
3148447,122
3148467,122
3148461,122
3148446,122
3148462,122
3148472,122
3148470,122
3148459,122
3148454,122
3148458,122
3148449,122
3148453,122
3148457,122
3148451,122
3148452,122
3148450,122
3148456,122
3148455,122
3148570,122
3148540,122
3148558,122
3148576,122
3148538,122
3148537,122
3148572,122
3148575,122
3148571,122
3148573,122
3148574,122
3148543,122
3148553,122
3148557,122
3148552,122
3148542,122
3148554,122
3148555,122
3148556,122
3148541,122
3148550,122
3148546,122
3148551,122
3148549,122
3148544,122
3148545,122
3148547,122
3148548,122
3148563,122
3148561,122
3148560,122
3148562,122
3148559,122
3148569,122
3148564,122
3148568,122
3148567,122
3148565,122
3148566,122
3148578,122
3148589,122
3148588,122
3148585,122
3148577,122
3148587,122
3148586,122
3148580,122
3148582,122
3148579,122
3148584,122
3148583,122
3148581,122
3148539,122
3147779,122
3147784,122
3147785,122
3147778,122
3147786,122
3147783,122
3147782,122
3147781,122
3147780,122
3148368,122
3148367,122
3148372,122
3148373,122
3148370,122
3148369,122
3148371,122
3147802,122
3147808,122
3147809,122
3147801,122
3147807,122
3147804,122
3147803,122
3147805,122
3147806,122
3147886,122
3148041,122
3148064,122
3148026,122
3148083,122
3148076,122
3148016,122
3148033,122
3148107,122
3148080,122
3148038,122
3148088,122
3148074,122
3148132,122
3148024,122
3148124,122
3148030,122
3148131,122
3148049,122
3148057,122
3148117,122
3148115,122
3148036,122
3148095,122
3148090,122
3148062,122
3148082,122
3148054,122
3148035,122
3148087,122
3148113,122
3148048,122
3148037,122
3148060,122
3148106,122
3148078,122
3148012,122
3148103,122
3148085,122
3148022,122
3148123,122
3148029,122
3148108,122
3148101,122
3148052,122
3148130,122
3148091,122
3148013,122
3148081,122
3148133,122
3148070,122
3148027,122
3148028,122
3148015,122
3148072,122
3148032,122
3148110,122
3148050,122
3148056,122
3148066,122
3148100,122
3148059,122
3148077,122
3148129,122
3148071,122
3148109,122
3148043,122
3148014,122
3148031,122
3148119,122
3148098,122
3148019,122
3148089,122
3148025,122
3148084,122
3148046,122
3148055,122
3147885,122
3148097,122
3148121,122
3148135,122
3148044,122
3148094,122
3148040,122
3148114,122
3148023,122
3148099,122
3148069,122
3148079,122
3148058,122
3148102,122
3148053,122
3148018,122
3148034,122
3148134,122
3148021,122
3148063,122
3148112,122
3148104,122
3148068,122
3148045,122
3148096,122
3148075,122
3148125,122
3148086,122
3148116,122
3148065,122
3148111,122
3148118,122
3148120,122
3148067,122
3148127,122
3148105,122
3148073,122
3148122,122
3148092,122
3148042,122
3148128,122
3148047,122
3148017,122
3148093,122
3148039,122
3148126,122
3148051,122
3148020,122
3148061,122
3147960,122
3147929,122
3147978,122
3147944,122
3147911,122
3147959,122
3147905,122
3147984,122
3147901,122
3147954,122
3147996,122
3147979,122
3147995,122
3147970,122
3147904,122
3147926,122
3147966,122
3147998,122
3147898,122
3147992,122
3147913,122
3147988,122
3147999,122
3147907,122
3147994,122
3148008,122
3147962,122
3147932,122
3147947,122
3147914,122
3147925,122
3148009,122
3147987,122
3147902,122
3147890,122
3147893,122
3147918,122
3147928,122
3147968,122
3147900,122
3147940,122
3147977,122
3147943,122
3147919,122
3147989,122
3147895,122
3147923,122
3148006,122
3147903,122
3147955,122
3147973,122
3147985,122
3147986,122
3147897,122
3147888,122
3147980,122
3147964,122
3147937,122
3148003,122
3147983,122
3147939,122
3147927,122
3147997,122
3147971,122
3147915,122
3147958,122
3147945,122
3147899,122
3148001,122
3147896,122
3147990,122
3147917,122
3147934,122
3147974,122
3147887,122
3148007,122
3148011,122
3147910,122
3147948,122
3147949,122
3147952,122
3147930,122
3147894,122
3147951,122
3148005,122
3147921,122
3147909,122
3148000,122
3147908,122
3147935,122
3147938,122
3147965,122
3147982,122
3147920,122
3147924,122
3147892,122
3147931,122
3148004,122
3147889,122
3147976,122
3147950,122
3147942,122
3147912,122
3147963,122
3147941,122
3147967,122
3147922,122
3147961,122
3147993,122
3147981,122
3147969,122
3147953,122
3147957,122
3147906,122
3148010,122
3147936,122
3147991,122
3147975,122
3148002,122
3147956,122
3147972,122
3147946,122
3147916,122
3147891,122
3147933,122
3148195,122
3148194,122
3148203,122
3148204,122
3148201,122
3148202,122
3148197,122
3148199,122
3148198,122
3148196,122
3148200,122
3148249,122
3148254,122
3148253,122
3148248,122
3148250,122
3148251,122
3148252,122
3147860,122
3147823,122
3147852,122
3147856,122
3147880,122
3147855,122
3147859,122
3147883,122
3147854,122
3147850,122
3147845,122
3147848,122
3147853,122
3147847,122
3147822,122
3147844,122
3147882,122
3147846,122
3147851,122
3147857,122
3147881,122
3147849,122
3147858,122
3147862,122
3147879,122
3147877,122
3147874,122
3147872,122
3147876,122
3147873,122
3147861,122
3147878,122
3147875,122
3147870,122
3147867,122
3147865,122
3147868,122
3147871,122
3147863,122
3147869,122
3147864,122
3147866,122
3147826,122
3147827,122
3147842,122
3147840,122
3147836,122
3147839,122
3147829,122
3147831,122
3147837,122
3147825,122
3147830,122
3147832,122
3147834,122
3147824,122
3147843,122
3147828,122
3147835,122
3147841,122
3147838,122
3147833,122
3148423,122
3148401,122
3148395,122
3148421,122
3148394,122
3148431,122
3148393,122
3148422,122
3148425,122
3148430,122
3148429,122
3148424,122
3148428,122
3148426,122
3148427,122
3148403,122
3148415,122
3148413,122
3148420,122
3148419,122
3148417,122
3148402,122
3148418,122
3148414,122
3148416,122
3148407,122
3148410,122
3148404,122
3148412,122
3148405,122
3148406,122
3148408,122
3148409,122
3148411,122
3148398,122
3148396,122
3148400,122
3148397,122
3148399,122
3147501,122
3147560,122
3147555,122
3147629,122
3147508,122
3147591,122
3147541,122
3147509,122
3147517,122
3147655,122
3147492,122
3147506,122
3147535,122
3147545,122
3147653,122
3147526,122
3147495,122
3147630,122
3147602,122
3147636,122
3147494,122
3147504,122
3147550,122
3147558,122
3147647,122
3147597,122
3147491,122
3147590,122
3147634,122
3147599,122
3147623,122
3147657,122
3147511,122
3147612,122
3147499,122
3147594,122
3147613,122
3147525,122
3147548,122
3147642,122
3147497,122
3147606,122
3147649,122
3147536,122
3147505,122
3147578,122
3147534,122
3147586,122
3147633,122
3147549,122
3147610,122
3147640,122
3147584,122
3147609,122
3147546,122
3147524,122
3147648,122
3147616,122
3147507,122
3147493,122
3147513,122
3147617,122
3147659,122
3147500,122
3147566,122
3147608,122
3147563,122
3147637,122
3147592,122
3147553,122
3147502,122
3147543,122
3147596,122
3147598,122
3147540,122
3147661,122
3147576,122
3147619,122
3147503,122
3147538,122
3147652,122
3147528,122
3147544,122
3147571,122
3147542,122
3147645,122
3147561,122
3147510,122
3147547,122
3147539,122
3147559,122
3147530,122
3147523,122
3147604,122
3147650,122
3147605,122
3147521,122
3147574,122
3147587,122
3147628,122
3147551,122
3147556,122
3147518,122
3147588,122
3147532,122
3147514,122
3147589,122
3147638,122
3147581,122
3147618,122
3147565,122
3147654,122
3147577,122
3147529,122
3147557,122
3147625,122
3147531,122
3147614,122
3147585,122
3147641,122
3147498,122
3147639,122
3147643,122
3147572,122
3147622,122
3147635,122
3147527,122
3147632,122
3147522,122
3147569,122
3147624,122
3147519,122
3147580,122
3147646,122
3147554,122
3147516,122
3147562,122
3147595,122
3147579,122
3147567,122
3147520,122
3147537,122
3147626,122
3147552,122
3147658,122
3147615,122
3147651,122
3147620,122
3147515,122
3147593,122
3147568,122
3147656,122
3147573,122
3147607,122
3147600,122
3147627,122
3147603,122
3147512,122
3147582,122
3147631,122
3147570,122
3147660,122
3147575,122
3147583,122
3147601,122
3147496,122
3147564,122
3147644,122
3147621,122
3147533,122
3147611,122
3147473,122
2230029,122
2230063,122
2230073,122
2230054,122
2230076,122
2230057,122
2230031,122
2230026,122
2230075,122
2230056,122
2230039,122
2230040,122
2230038,122
2230051,122
2230061,122
2230047,122
2230048,122
2230062,122
2230045,122
2230055,122
2230035,122
2230059,122
2230053,122
2230044,122
2230065,122
2230067,122
2230060,122
2230074,122
2230046,122
2230064,122
2230049,122
2230069,122
2230043,122
2230068,122
2230070,122
2230072,122
2230077,122
2230052,122
2230058,122
2230032,122
2230066,122
2230028,122
2230050,122
2230037,122
2230033,122
2230027,122
2230036,122
2230041,122
2230030,122
2230071,122
2230034,122
2230042,122
3148887,122
2359835,122
2230486,122
2230718,122
2230084,122
2230729,122
3148970,122
2230186,122
2230094,122
2230713,122
2230514,122
2230644,122
3148902,122
2230499,122
2230081,122
2230213,122
2230520,122
3148893,122
3148983,122
2230097,122
2359304,122
2230549,122
3148980,122
2230491,122
2230204,122
2230483,122
2359312,122
2230732,122
2230079,122
2359301,122
2230211,122
3148972,122
2359307,122
3149007,122
3148986,122
3148967,122
3148891,122
3148889,122
2230489,122
2230487,122
2230490,122
2230488,122
2230721,122
2230719,122
2230723,122
2230720,122
2230722,122
2230726,122
2230728,122
2230727,122
2230724,122
2230725,122
2230091,122
2230085,122
2230089,122
2230092,122
2230090,122
2230087,122
2230088,122
2230093,122
2230086,122
2230731,122
2230730,122
2230508,122
2230512,122
2230513,122
2230510,122
2230511,122
2230506,122
2230507,122
2230509,122
3148971,122
2230187,122
2230195,122
2230192,122
2230198,122
2230199,122
2230196,122
2230197,122
2230200,122
2230188,122
2230202,122
2230190,122
2230189,122
2230191,122
2230193,122
2230201,122
2230203,122
2230194,122
2230096,122
2230095,122
2230714,122
2230715,122
2230716,122
2230516,122
2230518,122
2230519,122
2230515,122
2230517,122
2230653,122
2230675,122
2230667,122
2230707,122
2230663,122
2230685,122
2230683,122
2230679,122
2230684,122
2230686,122
2230661,122
2230681,122
2230657,122
2230645,122
2230701,122
2230711,122
2230671,122
2230705,122
2230697,122
2230690,122
2230694,122
2230649,122
2230669,122
2230687,122
2230655,122
2230656,122
2230654,122
2230677,122
2230678,122
2230676,122
2230668,122
2230709,122
2230710,122
2230708,122
2230665,122
2230666,122
2230664,122
2230680,122
2230662,122
2230682,122
2230659,122
2230660,122
2230658,122
2230647,122
2230648,122
2230646,122
2230703,122
2230704,122
2230702,122
2230712,122
2230673,122
2230674,122
2230672,122
2230706,122
2230699,122
2230700,122
2230698,122
2230692,122
2230693,122
2230691,122
2230695,122
2230696,122
2230651,122
2230652,122
2230650,122
2230670,122
2230688,122
2230689,122
2230388,122
2230231,122
2230422,122
2230279,122
2230391,122
2230253,122
2230289,122
2230221,122
2230226,122
2230382,122
2230468,122
2230372,122
2230243,122
2230385,122
2230351,122
2230322,122
2230256,122
2230325,122
2230394,122
2230329,122
2230341,122
2230376,122
2230229,122
2230274,122
2230443,122
2230271,122
2230413,122
2230310,122
2230237,122
2230335,122
2230449,122
2230363,122
2230234,122
2230342,122
2230301,122
2230319,122
2230356,122
2230462,122
2230281,122
2230265,122
2230259,122
2230338,122
2230475,122
2230419,122
2230286,122
2230400,122
2230466,122
2230407,122
2230284,122
2230250,122
2230313,122
2230473,122
2230456,122
2230295,122
2230307,122
2230355,122
2230277,122
2230368,122
2230246,122
2230403,122
2230457,122
2230332,122
2230470,122
2230428,122
2230425,122
2230359,122
2230354,122
2230262,122
2230348,122
2230446,122
2230345,122
2230431,122
2230416,122
2230318,122
2230215,122
2230316,122
2230480,122
2230268,122
2230248,122
2230292,122
2230379,122
2230410,122
2230406,122
2230453,122
2230433,122
2230397,122
2230298,122
2230304,122
2230437,122
2230240,122
2230328,122
3148932,122
3148912,122
3148918,122
3148937,122
3148915,122
3148906,122
3148929,122
3148924,122
3148945,122
3148955,122
3148952,122
3148903,122
3148958,122
3148921,122
3148942,122
3148935,122
3148909,122
3148925,122
2230390,122
2230389,122
2230233,122
2230232,122
2230424,122
2230423,122
2230280,122
2230393,122
2230392,122
2230255,122
2230254,122
2230291,122
2230290,122
2230225,122
2230222,122
2230224,122
2230223,122
2230227,122
2230228,122
2230384,122
2230383,122
2230469,122
2230373,122
2230375,122
2230374,122
2230245,122
2230244,122
2230387,122
2230386,122
2230353,122
2230352,122
2230324,122
2230323,122
2230258,122
2230257,122
2230327,122
2230326,122
2230396,122
2230395,122
2230331,122
2230330,122
2230378,122
2230377,122
2230230,122
2230276,122
2230275,122
2230445,122
2230444,122
2230273,122
2230272,122
2230415,122
2230414,122
2230312,122
2230311,122
2230239,122
2230238,122
2230337,122
2230336,122
2230452,122
2230451,122
2230450,122
2230367,122
2230364,122
2230366,122
2230365,122
2230236,122
2230235,122
2230344,122
2230343,122
2230303,122
2230302,122
2230321,122
2230320,122
2230358,122
2230357,122
2230465,122
2230464,122
2230463,122
2230283,122
2230282,122
2230267,122
2230266,122
2230261,122
2230260,122
2230340,122
2230339,122
2230479,122
2230478,122
2230477,122
2230476,122
2230421,122
2230420,122
2230288,122
2230287,122
2230402,122
2230401,122
2230467,122
2230409,122
2230408,122
2230285,122
2230252,122
2230251,122
2230315,122
2230314,122
2230474,122
2230297,122
2230296,122
2230309,122
2230308,122
2230278,122
2230369,122
2230371,122
2230370,122
2230247,122
2230405,122
2230404,122
2230461,122
2230458,122
2230460,122
2230459,122
2230334,122
2230333,122
2230472,122
2230471,122
2230430,122
2230429,122
2230427,122
2230426,122
2230362,122
2230361,122
2230360,122
2230264,122
2230263,122
2230350,122
2230349,122
2230448,122
2230447,122
2230347,122
2230346,122
2230432,122
2230418,122
2230417,122
2230217,122
2230216,122
2230218,122
2230219,122
2230220,122
2230317,122
2230482,122
2230481,122
2230270,122
2230269,122
2230249,122
2230294,122
2230293,122
2230381,122
2230380,122
2230412,122
2230411,122
2230455,122
2230454,122
2230436,122
2230435,122
2230434,122
2230399,122
2230398,122
2230300,122
2230299,122
2230306,122
2230305,122
2230440,122
2230439,122
2230442,122
2230438,122
2230441,122
2230242,122
2230241,122
3148934,122
3148933,122
3148914,122
3148913,122
3148920,122
3148919,122
3148941,122
3148940,122
3148938,122
3148939,122
3148917,122
3148916,122
3148908,122
3148907,122
3148931,122
3148930,122
3148950,122
3148948,122
3148949,122
3148951,122
3148947,122
3148946,122
3148957,122
3148956,122
3148954,122
3148953,122
3148905,122
3148904,122
3148964,122
3148963,122
3148959,122
3148961,122
3148960,122
3148962,122
3148965,122
3148966,122
3148923,122
3148922,122
3148944,122
3148943,122
3148936,122
3148911,122
3148910,122
3148928,122
3148927,122
3148926,122
2230500,122
2230501,122
2230502,122
2230503,122
2230504,122
2230082,122
2230083,122
2230521,122
2230182,122
2230180,122
2230184,122
3148897,122
3148894,122
3148900,122
2230183,122
2230181,122
2230185,122
3148899,122
3148898,122
3148896,122
3148895,122
3148901,122
2359300,122
3148984,122
3148985,122
2230098,122
2230111,122
2230170,122
2230156,122
2230161,122
2230150,122
2230100,122
2230126,122
2230131,122
2230134,122
2230172,122
2230106,122
2230153,122
2230125,122
2230166,122
2230127,122
2230116,122
2230132,122
2230128,122
2230158,122
2230178,122
2230110,122
2230168,122
2230124,122
2230112,122
2230118,122
2230141,122
2230147,122
2230154,122
2230104,122
2230175,122
2230133,122
2230139,122
2230157,122
2230152,122
2230142,122
2230163,122
2230130,122
2230171,122
2230177,122
2230169,122
2230122,122
2230109,122
2230143,122
2230117,122
2230119,122
2230120,122
2230160,122
2230146,122
2230123,122
2230155,122
2230144,122
2230137,122
2230115,122
2230159,122
2230140,122
2230149,122
2230176,122
2230102,122
2230173,122
2230107,122
2230129,122
2230121,122
2230136,122
2230108,122
2230164,122
2230174,122
2230101,122
2230138,122
2230151,122
2230167,122
2230103,122
2230165,122
2230114,122
2230135,122
2230162,122
2230105,122
2230145,122
2230099,122
2230148,122
2230113,122
2359305,122
2359306,122
2230558,122
2230566,122
2230576,122
2230618,122
2230606,122
2230592,122
2230586,122
2230640,122
2230550,122
2230578,122
2230568,122
2230552,122
2230582,122
2230572,122
2230596,122
2230580,122
2230602,122
2230600,122
2230636,122
2230574,122
2230584,122
2230604,122
2230554,122
2230560,122
2230628,122
2230594,122
2230612,122
2230630,122
2230642,122
2230570,122
2230624,122
2230590,122
2230610,122
2230634,122
2230622,122
2230614,122
2230616,122
2230620,122
2230562,122
2230556,122
2230626,122
2230632,122
2230638,122
2230564,122
2230588,122
2230598,122
2230608,122
2230559,122
2230567,122
2230577,122
2230619,122
2230607,122
2230593,122
2230587,122
2230641,122
2230551,122
2230579,122
2230569,122
2230553,122
2230583,122
2230573,122
2230597,122
2230581,122
2230603,122
2230601,122
2230637,122
2230575,122
2230585,122
2230605,122
2230555,122
2230561,122
2230629,122
2230595,122
2230613,122
2230631,122
2230643,122
2230571,122
2230625,122
2230591,122
2230611,122
2230635,122
2230623,122
2230615,122
2230617,122
2230621,122
2230563,122
2230557,122
2230627,122
2230633,122
2230639,122
2230565,122
2230589,122
2230599,122
2230609,122
3148981,122
3148982,122
2230492,122
2230493,122
2230495,122
2230494,122
2230496,122
2230498,122
2230497,122
2230205,122
2230206,122
2230209,122
2230210,122
2230208,122
2230207,122
2230484,122
2230485,122
2230861,122
2230733,122
2230863,122
2230862,122
2359297,122
2359298,122
2230857,122
2230736,122
2230754,122
2230835,122
2230741,122
2230832,122
2230855,122
2230738,122
2230856,122
2230740,122
2230853,122
2230834,122
2230739,122
2230850,122
2230854,122
2230851,122
2230830,122
2230831,122
2230753,122
2230859,122
2230734,122
2230852,122
2230860,122
2230735,122
2230858,122
2230737,122
2230820,122
2230786,122
2230775,122
2230810,122
2230765,122
2230755,122
2230798,122
2230808,122
2230785,122
2230796,122
2230797,122
2230809,122
2230825,122
2230829,122
2230821,122
2230826,122
2230824,122
2230828,122
2230823,122
2230827,122
2230822,122
2230791,122
2230795,122
2230787,122
2230792,122
2230790,122
2230794,122
2230789,122
2230793,122
2230788,122
2230780,122
2230784,122
2230776,122
2230781,122
2230779,122
2230783,122
2230778,122
2230782,122
2230777,122
2230815,122
2230819,122
2230811,122
2230816,122
2230814,122
2230818,122
2230813,122
2230817,122
2230812,122
2230770,122
2230774,122
2230766,122
2230771,122
2230769,122
2230773,122
2230768,122
2230772,122
2230767,122
2230760,122
2230764,122
2230756,122
2230761,122
2230759,122
2230763,122
2230758,122
2230762,122
2230757,122
2230803,122
2230807,122
2230799,122
2230804,122
2230802,122
2230806,122
2230801,122
2230805,122
2230800,122
2230839,122
2230836,122
2230843,122
2230845,122
2230847,122
2230848,122
2230838,122
2230842,122
2230846,122
2230837,122
2230844,122
2230849,122
2230841,122
2230840,122
2230752,122
2230743,122
2230746,122
2230742,122
2230749,122
2230750,122
2230744,122
2230748,122
2230747,122
2230751,122
2230745,122
2230833,122
2230080,122
2359302,122
2359303,122
2230212,122
3148973,122
2230527,122
2230532,122
2230530,122
2230524,122
2230525,122
2230540,122
2230531,122
2230541,122
2230526,122
2230544,122
2230545,122
2230538,122
2230528,122
2230537,122
2230533,122
2230548,122
2230535,122
2230546,122
2230539,122
2230529,122
2230547,122
2230542,122
2230534,122
2230543,122
2230536,122
3148976,122
3148975,122
3148977,122
3148979,122
3148978,122
3148974,122
2359311,122
2359310,122
2359308,122
2359309,122
3149008,122
3148990,122
3149004,122
3148987,122
3149003,122
3148989,122
3149002,122
3148992,122
3148999,122
3148998,122
3148991,122
3149001,122
3149000,122
3148994,122
3148993,122
3148995,122
3148996,122
3148997,122
3149006,122
3149005,122
3148988,122
3148968,122
3148969,122
3148892,122
3148890,122
2228417,122
2359828,122
2359822,122
2228442,122
2228421,122
2228416,122
2228394,122
2228366,122
2228415,122
2228345,122
2228420,122
2228449,122
2228426,122
2228459,122
2228418,122
2228371,122
2228391,122
3145966,122
2228376,122
2228419,122
2228438,122
2228382,122
2228468,122
2228414,122
2228412,122
2228466,122
2228339,122
3145990,122
3145992,122
2228380,122
3145984,122
2228393,122
2228344,122
2228363,122
2228411,122
2228314,122
2228386,122
2228358,122
2228362,122
2228447,122
2228410,122
2228425,122
2228424,122
2228448,122
2228389,122
2228390,122
2228441,122
2228361,122
2228370,122
2228349,122
3145821,2049
2228375,122
2228446,122
3145819,2049
2228387,122
2228360,122
3145820,2049
2228338,122
2228440,122
2228379,122
2228359,122
2228388,122
2228315,122
2228381,122
2228392,122
2228369,122
2228343,122
2228337,122
3276832,122
3145989,122
3145988,122
3145983,122
3145987,122
3145985,122
3145986,122
2359829,122
2228354,122
2228351,122
2228353,122
2359830,122
2228357,122
2228356,122
2228355,122
2228332,122
2228329,122
2228333,122
2359823,122
2228330,122
2228331,122
2228336,122
2228335,122
2228334,122
2228328,122
2228327,122
2228326,122
2228325,122
2359824,122
2359827,122
2359825,122
2359826,122
2228443,122
2228445,122
2228444,122
2228422,122
2228407,122
2228399,122
2228398,122
2228400,122
2228396,122
2228409,122
2228404,122
2228406,122
2228408,122
2228402,122
2228395,122
2228405,122
2228403,122
2228397,122
2228401,122
2228368,122
2228367,122
2228347,122
2228348,122
2228346,122
2228450,122
2228457,122
2228456,122
2228455,122
2228452,122
2228453,122
2228458,122
2228451,122
2228454,122
2228430,122
2228432,122
2228435,122
2228428,122
2228436,122
2228433,122
2228429,122
2228434,122
2228427,122
2228431,122
2228437,122
2228460,122
2228461,122
2228462,122
2228464,122
2228465,122
2228463,122
2228372,122
2228373,122
2228320,122
2228322,122
2228319,122
2228321,122
2228318,122
2228317,122
3145970,122
3145969,122
3145979,122
3145982,122
3145981,122
3145978,122
3145972,122
3145980,122
3145976,122
3145974,122
2228377,122
2228378,122
2228439,122
2228385,122
2228384,122
2228383,122
2228472,122
2228469,122
2228471,122
2228470,122
2228413,122
2228467,122
2228341,122
2228340,122
2228342,122
3145991,122
3145993,122
2228771,122
2228729,122
2228758,122
2228740,122
2228768,122
2228747,122
2228754,122
2228772,122
2228753,122
2228774,122
2228748,122
2228785,122
2228777,122
2228737,122
2228726,122
2228755,122
2228745,122
2228765,122
2228775,122
2228784,122
2228778,122
2228756,122
2228736,122
2228741,122
2228742,122
2228738,122
2228750,122
2228763,122
2228752,122
2228734,122
2228767,122
2228746,122
2228780,122
2228762,122
2228769,122
2228757,122
2228760,122
2228773,122
2228723,122
2228720,122
2228727,122
2228749,122
2228721,122
2228744,122
2228779,122
2228781,122
2228770,122
2228783,122
2228733,122
2228764,122
2228759,122
2228722,122
2228739,122
2228728,122
2228776,122
2228724,122
2228730,122
2228743,122
2228735,122
2228731,122
2228782,122
2228766,122
2228732,122
2228725,122
2228761,122
2228751,122
2359832,122
3276857,122
3276865,122
3276866,122
